[
    {
        "model": "products.product",
        "pk": 8,
        "fields": {
            "created_at": "2025-03-19T21:59:32.441Z",
            "updated_at": "2025-03-20T14:23:09.426Z",
            "name": "Royal Oud",
            "slug": "royal-oud",
            "description": "Lorem ipsum dolor sit amet, consectetur adipiscing elit. Donec at hendrerit ligula. Mauris feugiat diam auctor enim aliquam, sed gravida purus pellentesque. Nunc congue lacus quis massa iaculis, scelerisque accumsan erat pharetra. Vivamus rutrum sollicitudin orci sed vulputate. Vivamus dignissim faucibus porttitor. Nullam consequat lacinia nulla, nec cursus nibh consectetur sit amet. Sed sollicitudin accumsan odio ac tincidunt. Donec sit amet semper risus, sed pellentesque lacus.\r\n\r\nPhasellus a purus nec mauris lobortis elementum. Fusce tortor enim, condimentum vitae risus vel, laoreet ornare nunc. Aliquam mollis ullamcorper luctus. Aliquam semper sed libero ornare tincidunt. Maecenas mollis interdum magna, sed tincidunt velit facilisis nec. Quisque vel eros at massa commodo vestibulum. Fusce at posuere urna, id euismod purus.",
            "notes": "Lorem ipsum dolor sit amet, consectetur adipiscing elit. Donec at hendrerit ligula. Mauris feugiat diam auctor enim aliquam, sed gravida purus pellentesque. Nunc congue lacus quis massa iaculis, scelerisque accumsan erat pharetra. Vivamus rutrum sollicitudin orci sed vulputate. Vivamus dignissim faucibus porttitor. Nullam consequat lacinia nulla, nec cursus nibh consectetur sit amet. Sed sollicitudin accumsan odio ac tincidunt. Donec sit amet semper risus, sed pellentesque lacus.\r\n\r\nPhasellus a purus nec mauris lobortis elementum. Fusce tortor enim, condimentum vitae risus vel, laoreet ornare nunc. Aliquam mollis ullamcorper luctus. Aliquam semper sed libero ornare tincidunt. Maecenas mollis interdum magna, sed tincidunt velit facilisis nec. Quisque vel eros at massa commodo vestibulum. Fusce at posuere urna, id euismod purus.",
            "size": "50ML",
            "mark_as_deleted": false,
            "deleted_at": null,
            "price": 2000,
            "quantity": 200,
            "discount_percentage": 20,
            "collections": [
                1,
                2
            ]
        }
    },
    {
        "model": "products.product",
        "pk": 9,
        "fields": {
            "created_at": "2025-03-19T22:03:34.964Z",
            "updated_at": "2025-03-20T14:23:20.556Z",
            "name": "Exotic Pulse",
            "slug": "exotic-pulse",
            "description": "Lorem ipsum dolor sit amet, consectetur adipiscing elit. Donec at hendrerit ligula. Mauris feugiat diam auctor enim aliquam, sed gravida purus pellentesque. Nunc congue lacus quis massa iaculis, scelerisque accumsan erat pharetra. Vivamus rutrum sollicitudin orci sed vulputate. Vivamus dignissim faucibus porttitor. Nullam consequat lacinia nulla, nec cursus nibh consectetur sit amet. Sed sollicitudin accumsan odio ac tincidunt. Donec sit amet semper risus, sed pellentesque lacus.\r\n\r\nPhasellus a purus nec mauris lobortis elementum. Fusce tortor enim, condimentum vitae risus vel, laoreet ornare nunc. Aliquam mollis ullamcorper luctus. Aliquam semper sed libero ornare tincidunt. Maecenas mollis interdum magna, sed tincidunt velit facilisis nec. Quisque vel eros at massa commodo vestibulum. Fusce at posuere urna, id euismod purus.",
            "notes": "Lorem ipsum dolor sit amet, consectetur adipiscing elit. Donec at hendrerit ligula. Mauris feugiat diam auctor enim aliquam, sed gravida purus pellentesque. Nunc congue lacus quis massa iaculis, scelerisque accumsan erat pharetra. Vivamus rutrum sollicitudin orci sed vulputate. Vivamus dignissim faucibus porttitor. Nullam consequat lacinia nulla, nec cursus nibh consectetur sit amet. Sed sollicitudin accumsan odio ac tincidunt. Donec sit amet semper risus, sed pellentesque lacus.\r\n\r\nPhasellus a purus nec mauris lobortis elementum. Fusce tortor enim, condimentum vitae risus vel, laoreet ornare nunc. Aliquam mollis ullamcorper luctus. Aliquam semper sed libero ornare tincidunt. Maecenas mollis interdum magna, sed tincidunt velit facilisis nec. Quisque vel eros at massa commodo vestibulum. Fusce at posuere urna, id euismod purus.",
            "size": "50ML",
            "mark_as_deleted": false,
            "deleted_at": null,
            "price": 2000,
            "quantity": 2000,
            "discount_percentage": 20,
            "collections": [
                1,
                2
            ]
        }
    },
    {
        "model": "products.product",
        "pk": 10,
        "fields": {
            "created_at": "2025-03-19T22:05:28.100Z",
            "updated_at": "2025-03-20T14:22:54.506Z",
            "name": "Millions Dream Inspired by Harrare",
            "slug": "millions-dream-inspired-by-harrare",
            "description": "Lorem ipsum dolor sit amet, consectetur adipiscing elit. Donec at hendrerit ligula. Mauris feugiat diam auctor enim aliquam, sed gravida purus pellentesque. Nunc congue lacus quis massa iaculis, scelerisque accumsan erat pharetra. Vivamus rutrum sollicitudin orci sed vulputate. Vivamus dignissim faucibus porttitor. Nullam consequat lacinia nulla, nec cursus nibh consectetur sit amet. Sed sollicitudin accumsan odio ac tincidunt. Donec sit amet semper risus, sed pellentesque lacus.\r\n\r\nPhasellus a purus nec mauris lobortis elementum. Fusce tortor enim, condimentum vitae risus vel, laoreet ornare nunc. Aliquam mollis ullamcorper luctus. Aliquam semper sed libero ornare tincidunt. Maecenas mollis interdum magna, sed tincidunt velit facilisis nec. Quisque vel eros at massa commodo vestibulum. Fusce at posuere urna, id euismod purus.",
            "notes": "Lorem ipsum dolor sit amet, consectetur adipiscing elit. Donec at hendrerit ligula. Mauris feugiat diam auctor enim aliquam, sed gravida purus pellentesque. Nunc congue lacus quis massa iaculis, scelerisque accumsan erat pharetra. Vivamus rutrum sollicitudin orci sed vulputate. Vivamus dignissim faucibus porttitor. Nullam consequat lacinia nulla, nec cursus nibh consectetur sit amet. Sed sollicitudin accumsan odio ac tincidunt. Donec sit amet semper risus, sed pellentesque lacus.\r\n\r\nPhasellus a purus nec mauris lobortis elementum. Fusce tortor enim, condimentum vitae risus vel, laoreet ornare nunc. Aliquam mollis ullamcorper luctus. Aliquam semper sed libero ornare tincidunt. Maecenas mollis interdum magna, sed tincidunt velit facilisis nec. Quisque vel eros at massa commodo vestibulum. Fusce at posuere urna, id euismod purus.",
            "size": "50ML",
            "mark_as_deleted": false,
            "deleted_at": null,
            "price": 2000,
            "quantity": 2000,
            "discount_percentage": 20,
            "collections": [
                1,
                2
            ]
        }
    },
    {
        "model": "products.product",
        "pk": 11,
        "fields": {
            "created_at": "2025-03-19T22:07:25.638Z",
            "updated_at": "2025-03-20T14:22:45.028Z",
            "name": "Apex Inspired By Dunhill Desire",
            "slug": "apex-inspired-by-dunhill-desire",
            "description": "Lorem ipsum dolor sit amet, consectetur adipiscing elit. Donec at hendrerit ligula. Mauris feugiat diam auctor enim aliquam, sed gravida purus pellentesque. Nunc congue lacus quis massa iaculis, scelerisque accumsan erat pharetra. Vivamus rutrum sollicitudin orci sed vulputate. Vivamus dignissim faucibus porttitor. Nullam consequat lacinia nulla, nec cursus nibh consectetur sit amet. Sed sollicitudin accumsan odio ac tincidunt. Donec sit amet semper risus, sed pellentesque lacus.\r\n\r\nPhasellus a purus nec mauris lobortis elementum. Fusce tortor enim, condimentum vitae risus vel, laoreet ornare nunc. Aliquam mollis ullamcorper luctus. Aliquam semper sed libero ornare tincidunt. Maecenas mollis interdum magna, sed tincidunt velit facilisis nec. Quisque vel eros at massa commodo vestibulum. Fusce at posuere urna, id euismod purus.",
            "notes": "Lorem ipsum dolor sit amet, consectetur adipiscing elit. Donec at hendrerit ligula. Mauris feugiat diam auctor enim aliquam, sed gravida purus pellentesque. Nunc congue lacus quis massa iaculis, scelerisque accumsan erat pharetra. Vivamus rutrum sollicitudin orci sed vulputate. Vivamus dignissim faucibus porttitor. Nullam consequat lacinia nulla, nec cursus nibh consectetur sit amet. Sed sollicitudin accumsan odio ac tincidunt. Donec sit amet semper risus, sed pellentesque lacus.\r\n\r\nPhasellus a purus nec mauris lobortis elementum. Fusce tortor enim, condimentum vitae risus vel, laoreet ornare nunc. Aliquam mollis ullamcorper luctus. Aliquam semper sed libero ornare tincidunt. Maecenas mollis interdum magna, sed tincidunt velit facilisis nec. Quisque vel eros at massa commodo vestibulum. Fusce at posuere urna, id euismod purus.",
            "size": "50ML",
            "mark_as_deleted": false,
            "deleted_at": null,
            "price": 2000,
            "quantity": 2000,
            "discount_percentage": 30,
            "collections": [
                1
            ]
        }
    },
    {
        "model": "products.product",
        "pk": 12,
        "fields": {
            "created_at": "2025-03-19T22:11:28.175Z",
            "updated_at": "2025-03-20T14:22:33.036Z",
            "name": "Rosy Blossom - INSPIRED BY Gucci Flora",
            "slug": "rosy-blossom-inspired-by-gucci-flora",
            "description": "Lorem ipsum dolor sit amet, consectetur adipiscing elit. Donec at hendrerit ligula. Mauris feugiat diam auctor enim aliquam, sed gravida purus pellentesque. Nunc congue lacus quis massa iaculis, scelerisque accumsan erat pharetra. Vivamus rutrum sollicitudin orci sed vulputate. Vivamus dignissim faucibus porttitor. Nullam consequat lacinia nulla, nec cursus nibh consectetur sit amet. Sed sollicitudin accumsan odio ac tincidunt. Donec sit amet semper risus, sed pellentesque lacus.\r\n\r\nPhasellus a purus nec mauris lobortis elementum. Fusce tortor enim, condimentum vitae risus vel, laoreet ornare nunc. Aliquam mollis ullamcorper luctus. Aliquam semper sed libero ornare tincidunt. Maecenas mollis interdum magna, sed tincidunt velit facilisis nec. Quisque vel eros at massa commodo vestibulum. Fusce at posuere urna, id euismod purus.",
            "notes": "Lorem ipsum dolor sit amet, consectetur adipiscing elit. Donec at hendrerit ligula. Mauris feugiat diam auctor enim aliquam, sed gravida purus pellentesque. Nunc congue lacus quis massa iaculis, scelerisque accumsan erat pharetra. Vivamus rutrum sollicitudin orci sed vulputate. Vivamus dignissim faucibus porttitor. Nullam consequat lacinia nulla, nec cursus nibh consectetur sit amet. Sed sollicitudin accumsan odio ac tincidunt. Donec sit amet semper risus, sed pellentesque lacus.\r\n\r\nPhasellus a purus nec mauris lobortis elementum. Fusce tortor enim, condimentum vitae risus vel, laoreet ornare nunc. Aliquam mollis ullamcorper luctus. Aliquam semper sed libero ornare tincidunt. Maecenas mollis interdum magna, sed tincidunt velit facilisis nec. Quisque vel eros at massa commodo vestibulum. Fusce at posuere urna, id euismod purus.",
            "size": "50ML",
            "mark_as_deleted": false,
            "deleted_at": null,
            "price": 2000,
            "quantity": 2000,
            "discount_percentage": 20,
            "collections": [
                3
            ]
        }
    },
    {
        "model": "products.product",
        "pk": 13,
        "fields": {
            "created_at": "2025-03-19T22:13:03.039Z",
            "updated_at": "2025-03-20T14:22:24.201Z",
            "name": "Flora Fantasy - INSPIRED BY Jadore",
            "slug": "flora-fantasy-inspired-by-jadore",
            "description": "Lorem ipsum dolor sit amet, consectetur adipiscing elit. Donec at hendrerit ligula. Mauris feugiat diam auctor enim aliquam, sed gravida purus pellentesque. Nunc congue lacus quis massa iaculis, scelerisque accumsan erat pharetra. Vivamus rutrum sollicitudin orci sed vulputate. Vivamus dignissim faucibus porttitor. Nullam consequat lacinia nulla, nec cursus nibh consectetur sit amet. Sed sollicitudin accumsan odio ac tincidunt. Donec sit amet semper risus, sed pellentesque lacus.\r\n\r\nPhasellus a purus nec mauris lobortis elementum. Fusce tortor enim, condimentum vitae risus vel, laoreet ornare nunc. Aliquam mollis ullamcorper luctus. Aliquam semper sed libero ornare tincidunt. Maecenas mollis interdum magna, sed tincidunt velit facilisis nec. Quisque vel eros at massa commodo vestibulum. Fusce at posuere urna, id euismod purus.",
            "notes": "Lorem ipsum dolor sit amet, consectetur adipiscing elit. Donec at hendrerit ligula. Mauris feugiat diam auctor enim aliquam, sed gravida purus pellentesque. Nunc congue lacus quis massa iaculis, scelerisque accumsan erat pharetra. Vivamus rutrum sollicitudin orci sed vulputate. Vivamus dignissim faucibus porttitor. Nullam consequat lacinia nulla, nec cursus nibh consectetur sit amet. Sed sollicitudin accumsan odio ac tincidunt. Donec sit amet semper risus, sed pellentesque lacus.\r\n\r\nPhasellus a purus nec mauris lobortis elementum. Fusce tortor enim, condimentum vitae risus vel, laoreet ornare nunc. Aliquam mollis ullamcorper luctus. Aliquam semper sed libero ornare tincidunt. Maecenas mollis interdum magna, sed tincidunt velit facilisis nec. Quisque vel eros at massa commodo vestibulum. Fusce at posuere urna, id euismod purus.",
            "size": "50ML",
            "mark_as_deleted": false,
            "deleted_at": null,
            "price": 2000,
            "quantity": 2000,
            "discount_percentage": 20,
            "collections": [
                1,
                3
            ]
        }
    },
    {
        "model": "products.product",
        "pk": 14,
        "fields": {
            "created_at": "2025-03-19T22:14:32.307Z",
            "updated_at": "2025-03-20T14:21:56.256Z",
            "name": "Mystic Pulse - INSPIRED BY Gucci Rush",
            "slug": "mystic-pulse-inspired-by-gucci-rush",
            "description": "Lorem ipsum dolor sit amet, consectetur adipiscing elit. Donec at hendrerit ligula. Mauris feugiat diam auctor enim aliquam, sed gravida purus pellentesque. Nunc congue lacus quis massa iaculis, scelerisque accumsan erat pharetra. Vivamus rutrum sollicitudin orci sed vulputate. Vivamus dignissim faucibus porttitor. Nullam consequat lacinia nulla, nec cursus nibh consectetur sit amet. Sed sollicitudin accumsan odio ac tincidunt. Donec sit amet semper risus, sed pellentesque lacus.\r\n\r\nPhasellus a purus nec mauris lobortis elementum. Fusce tortor enim, condimentum vitae risus vel, laoreet ornare nunc. Aliquam mollis ullamcorper luctus. Aliquam semper sed libero ornare tincidunt. Maecenas mollis interdum magna, sed tincidunt velit facilisis nec. Quisque vel eros at massa commodo vestibulum. Fusce at posuere urna, id euismod purus.",
            "notes": "Lorem ipsum dolor sit amet, consectetur adipiscing elit. Donec at hendrerit ligula. Mauris feugiat diam auctor enim aliquam, sed gravida purus pellentesque. Nunc congue lacus quis massa iaculis, scelerisque accumsan erat pharetra. Vivamus rutrum sollicitudin orci sed vulputate. Vivamus dignissim faucibus porttitor. Nullam consequat lacinia nulla, nec cursus nibh consectetur sit amet. Sed sollicitudin accumsan odio ac tincidunt. Donec sit amet semper risus, sed pellentesque lacus.\r\n\r\nPhasellus a purus nec mauris lobortis elementum. Fusce tortor enim, condimentum vitae risus vel, laoreet ornare nunc. Aliquam mollis ullamcorper luctus. Aliquam semper sed libero ornare tincidunt. Maecenas mollis interdum magna, sed tincidunt velit facilisis nec. Quisque vel eros at massa commodo vestibulum. Fusce at posuere urna, id euismod purus.",
            "size": "50ML",
            "mark_as_deleted": false,
            "deleted_at": null,
            "price": 2000,
            "quantity": 2000,
            "discount_percentage": 20,
            "collections": [
                1,
                3
            ]
        }
    },
    {
        "model": "products.product",
        "pk": 15,
        "fields": {
            "created_at": "2025-03-19T22:16:04.727Z",
            "updated_at": "2025-03-20T14:22:16.037Z",
            "name": "Empress Whif - INSPIRED BY Bombshell",
            "slug": "empress-whif-inspired-by-bombshell",
            "description": "Lorem ipsum dolor sit amet, consectetur adipiscing elit. Donec at hendrerit ligula. Mauris feugiat diam auctor enim aliquam, sed gravida purus pellentesque. Nunc congue lacus quis massa iaculis, scelerisque accumsan erat pharetra. Vivamus rutrum sollicitudin orci sed vulputate. Vivamus dignissim faucibus porttitor. Nullam consequat lacinia nulla, nec cursus nibh consectetur sit amet. Sed sollicitudin accumsan odio ac tincidunt. Donec sit amet semper risus, sed pellentesque lacus.\r\n\r\nPhasellus a purus nec mauris lobortis elementum. Fusce tortor enim, condimentum vitae risus vel, laoreet ornare nunc. Aliquam mollis ullamcorper luctus. Aliquam semper sed libero ornare tincidunt. Maecenas mollis interdum magna, sed tincidunt velit facilisis nec. Quisque vel eros at massa commodo vestibulum. Fusce at posuere urna, id euismod purus.",
            "notes": "Lorem ipsum dolor sit amet, consectetur adipiscing elit. Donec at hendrerit ligula. Mauris feugiat diam auctor enim aliquam, sed gravida purus pellentesque. Nunc congue lacus quis massa iaculis, scelerisque accumsan erat pharetra. Vivamus rutrum sollicitudin orci sed vulputate. Vivamus dignissim faucibus porttitor. Nullam consequat lacinia nulla, nec cursus nibh consectetur sit amet. Sed sollicitudin accumsan odio ac tincidunt. Donec sit amet semper risus, sed pellentesque lacus.\r\n\r\nPhasellus a purus nec mauris lobortis elementum. Fusce tortor enim, condimentum vitae risus vel, laoreet ornare nunc. Aliquam mollis ullamcorper luctus. Aliquam semper sed libero ornare tincidunt. Maecenas mollis interdum magna, sed tincidunt velit facilisis nec. Quisque vel eros at massa commodo vestibulum. Fusce at posuere urna, id euismod purus.",
            "size": "50ML",
            "mark_as_deleted": false,
            "deleted_at": null,
            "price": 2000,
            "quantity": 200,
            "discount_percentage": 20,
            "collections": [
                1,
                3
            ]
        }
    },
    {
        "model": "products.product",
        "pk": 16,
        "fields": {
            "created_at": "2025-03-19T22:17:15.642Z",
            "updated_at": "2025-03-20T14:22:06.039Z",
            "name": "Floral Muse - INSPIRED BY Gucci bloom",
            "slug": "floral-muse-inspired-by-gucci-bloom",
            "description": "Lorem ipsum dolor sit amet, consectetur adipiscing elit. Donec at hendrerit ligula. Mauris feugiat diam auctor enim aliquam, sed gravida purus pellentesque. Nunc congue lacus quis massa iaculis, scelerisque accumsan erat pharetra. Vivamus rutrum sollicitudin orci sed vulputate. Vivamus dignissim faucibus porttitor. Nullam consequat lacinia nulla, nec cursus nibh consectetur sit amet. Sed sollicitudin accumsan odio ac tincidunt. Donec sit amet semper risus, sed pellentesque lacus.\r\n\r\nPhasellus a purus nec mauris lobortis elementum. Fusce tortor enim, condimentum vitae risus vel, laoreet ornare nunc. Aliquam mollis ullamcorper luctus. Aliquam semper sed libero ornare tincidunt. Maecenas mollis interdum magna, sed tincidunt velit facilisis nec. Quisque vel eros at massa commodo vestibulum. Fusce at posuere urna, id euismod purus.",
            "notes": "Lorem ipsum dolor sit amet, consectetur adipiscing elit. Donec at hendrerit ligula. Mauris feugiat diam auctor enim aliquam, sed gravida purus pellentesque. Nunc congue lacus quis massa iaculis, scelerisque accumsan erat pharetra. Vivamus rutrum sollicitudin orci sed vulputate. Vivamus dignissim faucibus porttitor. Nullam consequat lacinia nulla, nec cursus nibh consectetur sit amet. Sed sollicitudin accumsan odio ac tincidunt. Donec sit amet semper risus, sed pellentesque lacus.\r\n\r\nPhasellus a purus nec mauris lobortis elementum. Fusce tortor enim, condimentum vitae risus vel, laoreet ornare nunc. Aliquam mollis ullamcorper luctus. Aliquam semper sed libero ornare tincidunt. Maecenas mollis interdum magna, sed tincidunt velit facilisis nec. Quisque vel eros at massa commodo vestibulum. Fusce at posuere urna, id euismod purus.",
            "size": "50ML",
            "mark_as_deleted": false,
            "deleted_at": null,
            "price": 2000,
            "quantity": 2000,
            "discount_percentage": 20,
            "collections": [
                1,
                3
            ]
        }
    },
    {
        "model": "products.collection",
        "pk": 1,
        "fields": {
            "created_at": "2025-03-19T21:11:20.391Z",
            "updated_at": "2025-03-19T21:11:20.391Z",
            "name": "Best Seller Perfumes",
            "image": "collection_images/best_sellers.jpg",
            "display_on_home": true
        }
    },
    {
        "model": "products.collection",
        "pk": 2,
        "fields": {
            "created_at": "2025-03-19T21:11:28.518Z",
            "updated_at": "2025-03-19T21:11:33.500Z",
            "name": "Perfumes for Men",
            "image": "collection_images/men_perfumes.jpg",
            "display_on_home": true
        }
    },
    {
        "model": "products.collection",
        "pk": 3,
        "fields": {
            "created_at": "2025-03-19T21:11:45.517Z",
            "updated_at": "2025-03-19T21:11:45.517Z",
            "name": "Perfumes for Women",
            "image": "collection_images/women_perfumes.jpg",
            "display_on_home": true
        }
    },
    {
        "model": "products.collection",
        "pk": 4,
        "fields": {
            "created_at": "2025-03-19T21:11:57.950Z",
            "updated_at": "2025-03-19T21:11:57.950Z",
            "name": "View All",
            "image": "collection_images/view_all.jpg",
            "display_on_home": false
        }
    },
    {
        "model": "products.productimage",
        "pk": 12,
        "fields": {
            "created_at": "2025-03-19T21:59:32.448Z",
            "updated_at": "2025-03-19T21:59:32.448Z",
            "product": 8,
            "image": "product_images/royal_oud_1.jpg",
            "primary_image": true
        }
    },
    {
        "model": "products.productimage",
        "pk": 13,
        "fields": {
            "created_at": "2025-03-19T21:59:32.453Z",
            "updated_at": "2025-03-19T21:59:32.453Z",
            "product": 8,
            "image": "product_images/royal_oud_2.jpg"
        }
    },
    {
        "model": "products.productimage",
        "pk": 14,
        "fields": {
            "created_at": "2025-03-19T21:59:32.455Z",
            "updated_at": "2025-03-19T21:59:32.455Z",
            "product": 8,
            "image": "product_images/royal_oud_3.jpg"
        }
    },
    {
        "model": "products.productimage",
        "pk": 15,
        "fields": {
            "created_at": "2025-03-19T22:03:34.968Z",
            "updated_at": "2025-03-19T22:03:34.968Z",
            "product": 9,
            "image": "product_images/exotic_oud_1.jpg",
            "primary_image": true
        }
    },
    {
        "model": "products.productimage",
        "pk": 16,
        "fields": {
            "created_at": "2025-03-19T22:03:34.970Z",
            "updated_at": "2025-03-19T22:03:34.970Z",
            "product": 9,
            "image": "product_images/exotic_oud_2.jpg"
        }
    },
    {
        "model": "products.productimage",
        "pk": 17,
        "fields": {
            "created_at": "2025-03-19T22:03:34.972Z",
            "updated_at": "2025-03-19T22:03:34.972Z",
            "product": 9,
            "image": "product_images/exotic_oud_3.jpg"
        }
    },
    {
        "model": "products.productimage",
        "pk": 18,
        "fields": {
            "created_at": "2025-03-19T22:03:34.974Z",
            "updated_at": "2025-03-19T22:03:34.974Z",
            "product": 9,
            "image": "product_images/exotic_oud_4.jpg"
        }
    },
    {
        "model": "products.productimage",
        "pk": 19,
        "fields": {
            "created_at": "2025-03-19T22:05:28.109Z",
            "updated_at": "2025-03-19T22:05:28.109Z",
            "product": 10,
            "image": "product_images/million_dreams_1.jpg",
            "primary_image": true
        }
    },
    {
        "model": "products.productimage",
        "pk": 20,
        "fields": {
            "created_at": "2025-03-19T22:05:28.112Z",
            "updated_at": "2025-03-19T22:05:28.112Z",
            "product": 10,
            "image": "product_images/million_dreams_2.jpg"
        }
    },
    {
        "model": "products.productimage",
        "pk": 21,
        "fields": {
            "created_at": "2025-03-19T22:05:28.114Z",
            "updated_at": "2025-03-19T22:05:28.114Z",
            "product": 10,
            "image": "product_images/million_dreams_3.jpg"
        }
    },
    {
        "model": "products.productimage",
        "pk": 22,
        "fields": {
            "created_at": "2025-03-19T22:07:25.646Z",
            "updated_at": "2025-03-19T22:07:25.646Z",
            "product": 11,
            "image": "product_images/apex_1.jpg",
            "primary_image": true
        }
    },
    {
        "model": "products.productimage",
        "pk": 23,
        "fields": {
            "created_at": "2025-03-19T22:07:25.649Z",
            "updated_at": "2025-03-19T22:07:25.649Z",
            "product": 11,
            "image": "product_images/apex_2.jpg"
        }
    },
    {
        "model": "products.productimage",
        "pk": 24,
        "fields": {
            "created_at": "2025-03-19T22:07:25.652Z",
            "updated_at": "2025-03-19T22:07:25.652Z",
            "product": 11,
            "image": "product_images/apex_3.jpg"
        }
    },
    {
        "model": "products.productimage",
        "pk": 25,
        "fields": {
            "created_at": "2025-03-19T22:11:28.179Z",
            "updated_at": "2025-03-19T22:11:28.179Z",
            "product": 12,
            "image": "product_images/rosy_blossom_1.jpg",
            "primary_image": true
        }
    },
    {
        "model": "products.productimage",
        "pk": 26,
        "fields": {
            "created_at": "2025-03-19T22:11:28.184Z",
            "updated_at": "2025-03-19T22:11:28.184Z",
            "product": 12,
            "image": "product_images/rosy_blossom_2.jpg"
        }
    },
    {
        "model": "products.productimage",
        "pk": 27,
        "fields": {
            "created_at": "2025-03-19T22:11:28.186Z",
            "updated_at": "2025-03-19T22:11:28.186Z",
            "product": 12,
            "image": "product_images/rosy_blossom_3.jpg"
        }
    },
    {
        "model": "products.productimage",
        "pk": 28,
        "fields": {
            "created_at": "2025-03-19T22:13:03.047Z",
            "updated_at": "2025-03-19T22:13:03.047Z",
            "product": 13,
            "image": "product_images/flora_fantasy_1.jpg",
            "primary_image": true
        }
    },
    {
        "model": "products.productimage",
        "pk": 29,
        "fields": {
            "created_at": "2025-03-19T22:13:03.050Z",
            "updated_at": "2025-03-19T22:13:03.050Z",
            "product": 13,
            "image": "product_images/flora_fantasy_2.jpg"
        }
    },
    {
        "model": "products.productimage",
        "pk": 30,
        "fields": {
            "created_at": "2025-03-19T22:14:32.314Z",
            "updated_at": "2025-03-19T22:14:32.315Z",
            "product": 14,
            "image": "product_images/mystic_pulse_1.jpg",
            "primary_image": true
        }
    },
    {
        "model": "products.productimage",
        "pk": 31,
        "fields": {
            "created_at": "2025-03-19T22:14:32.317Z",
            "updated_at": "2025-03-19T22:14:32.317Z",
            "product": 14,
            "image": "product_images/mystic_pulse_2.jpg"
        }
    },
    {
        "model": "products.productimage",
        "pk": 32,
        "fields": {
            "created_at": "2025-03-19T22:14:32.320Z",
            "updated_at": "2025-03-19T22:14:32.320Z",
            "product": 14,
            "image": "product_images/mystic_pulse_3.jpg"
        }
    },
    {
        "model": "products.productimage",
        "pk": 33,
        "fields": {
            "created_at": "2025-03-19T22:16:04.736Z",
            "updated_at": "2025-03-19T22:16:04.736Z",
            "product": 15,
            "image": "product_images/empress_whif_1.jpg",
            "primary_image": true
        }
    },
    {
        "model": "products.productimage",
        "pk": 34,
        "fields": {
            "created_at": "2025-03-19T22:16:04.738Z",
            "updated_at": "2025-03-19T22:16:04.738Z",
            "product": 15,
            "image": "product_images/empress_whif_2.jpg"
        }
    },
    {
        "model": "products.productimage",
        "pk": 35,
        "fields": {
            "created_at": "2025-03-19T22:16:04.740Z",
            "updated_at": "2025-03-19T22:16:04.740Z",
            "product": 15,
            "image": "product_images/empress_whif_3.jpg"
        }
    },
    {
        "model": "products.productimage",
        "pk": 36,
        "fields": {
            "created_at": "2025-03-19T22:17:15.649Z",
            "updated_at": "2025-03-19T22:17:15.649Z",
            "product": 16,
            "image": "product_images/flora_muse_1.jpg",
            "primary_image": true
        }
    },
    {
        "model": "products.productimage",
        "pk": 37,
        "fields": {
            "created_at": "2025-03-19T22:17:15.651Z",
            "updated_at": "2025-03-19T22:17:15.651Z",
            "product": 16,
            "image": "product_images/flora_muse_2.jpg"
        }
    },
    {
        "model": "products.productimage",
        "pk": 38,
        "fields": {
            "created_at": "2025-03-19T22:17:15.654Z",
            "updated_at": "2025-03-19T22:17:15.654Z",
            "product": 16,
            "image": "product_images/flora_muse_3.jpg"
        }
    }
]